FG93N56D3,Not Detected,78945612307894,444571
8TG65DHZ0,Not Detected,78945612307894,444571
RK7FY37AZ,Not Detected,78945612307894,444571
7AYRDBE3T,Not Detected,78945612307894,444571
94A786350,Not Detected,78945612307894,444571
YV066VVXE,Not Detected,78945612307894,444571
WBDXFTGVH,Not Detected,78945612307894,444571
YFXPSNEGB,Not Detected,78945612307894,444571
F2M3KF0C0,Not Detected,78945612307894,444571
7GY00DCVP,Not Detected,78945612307894,444571
5P1CEY23G,Not Detected,78945612307894,444571
SBCPVB5BA,Not Detected,78945612307894,444571
SM2HZEH63,Not Detected,78945612307894,444571
75ST600PH,Not Detected,78945612307894,444571
GKX35DX1D,Not Detected,78945612307894,444571
V2M7FWYD0,Not Detected,78945612307894,444571
G9NKBRX0R,Not Detected,78945612307894,444571
PV1X7ERD7,Not Detected,78945612307894,444571
CR1FM248P,Not Detected,78945612307894,444571
D78PN70BE,Not Detected,78945612307894,444571
53X3VBTRB,Not Detected,78945612307894,444571
SZ18S2Y2V,Not Detected,78945612307894,444571
V6WTMXPBV,Not Detected,78945612307894,444571
5XS8BTMC1,Not Detected,78945612307894,444571
XTDA7E6MK,Not Detected,78945612307894,444571
AX595G36Y,Not Detected,78945612307894,444571
DH4YAX348,Not Detected,78945612307894,444571
GDZFWKZ5G,Not Detected,78945612307894,444571
WPPXSYK09,Not Detected,78945612307894,444571
CYK54B4BF,Not Detected,78945612307894,444571
X6E5WXRY5,Not Detected,78945612307894,444571
VB0GAWRSY,Not Detected,78945612307894,444571
N2N83TX1C,Not Detected,78945612307894,444571
XCRE53G9S,Not Detected,78945612307894,444571
